<?xml version="1.0" encoding="utf-8"?>
<!DOCTYPE hibernate-configuration PUBLIC
"-//Hibernate/Hibernate Configuration DTD 3.0//EN"
"http://www.hibernate.org/dtd/hibernate-configuration-3.0.dtd">

<hibernate-configuration>
	<session-factory>
		<!-- SQL dialect -->
		<property name="hibernate.dialect">org.hibernate.dialect.MySQLDialect</property>
		<property name="hibernate.connection.driver_class">com.mysql.jdbc.Driver</property>
		<property name="hibernate.connection.url">jdbc:mysql://localhost:3306/imcs5?createDatabaseIfNotExist=true</property>
		<property name="hibernate.connection.username">root</property>
		<property name="hibernate.connection.password">12345</property>

 		<property name="hibernate.hbm2ddl.auto">create</property>


		<!-- Echo all executed SQL to stdout -->
		<property name="show_sql">true</property>
		

		<!-- Include all the mapping pojo classes -->
		<mapping class="com.imcs.hibernate.entity.PassengerProfile" />
		<mapping class="com.imcs.hibernate.entity.CreditCard" />
		
	</session-factory> 
</hibernate-configuration>